{ 
  "rules": {
    "align": [true, "parameters", "statements"],
    "ban": false,
    "class-name": true,
    "comment-format": [false, "check-space", "check-lowercase" ],
    "curly": false,
    "eofline": false,
    "forin": true,
    "indent": [true, "spaces"],
    "interface-name": false,
    "jsdoc-format": true,
    "label-position": true,
    "label-undefined": true,
    "max-line-length": [true, 180],
    "member-access": false,
    "member-ordering": [false, "public-before-private", "static-before-instance", "variables-before-functions" ],
    "no-any": false,
    "no-arg": true,
    "no-bitwise": true,
    "no-conditional-assignment": true,
    "no-console": [true, "debug", "info", "time", "timeEnd", "trace" ],
    "no-construct": true,
    "no-constructor-vars": false,
    "no-debugger": true,
    "no-duplicate-key": true,
    "no-shadowed-variable": true,
    "no-duplicate-variable": true,
    "no-empty": false,
    "no-eval": true,
    "no-internal-module": true,
    "no-require-imports": true,
    "no-string-literal": false,
    "no-switch-case-fall-through": true,
    "no-trailing-comma": true,
    "no-trailing-whitespace": false,
    "no-unreachable": true,
    "no-unused-expression": [true, "allow-fast-null-checks"],
    "no-unused-variable": true,
    "no-use-before-declare": true,
    "no-var-keyword": true,
    "no-var-requires": true,
    "one-line": [true, "check-open-brace", "check-catch", "check-else", "check-whitespace" ],
    "quotemark": [false, "double"],
    "radix": true,
    "semicolon": true,
    "switch-default": true,
    "triple-equals": [true, "allow-null-check"],
    "typedef": [false, "call-signature", "parameter", "property-declaration", "variable-declaration", "member-variable-declaration" ],
    "typedef-whitespace": [true, {
        "call-signature": "nospace",
        "index-signature": "nospace",
        "parameter": "nospace",
        "variable-declaration": "nospace"
    }],
    "use-strict": [false, "check-module", "check-function" ],
    "variable-name": false,
    "whitespace": [true, "check-branch", "check-decl", "check-operator", "check-separator", "check-type" ]
}
}
